byzantine_ratio,byzantine_count,mean_latency,std_latency,success_rate,detection_rate,trials
0.0,0,4033.035101454923,188.31856226158524,1.0,0.0,50
0.1,1,4084.938453908523,225.6761994373286,1.0,0.94,50
0.15,2,4087.5183192172713,209.41954135167364,1.0,0.94,50
0.2,3,4099.092124397317,213.66410181055664,1.0,0.9,50
0.25,3,4095.2173292835832,212.2542649193597,1.0,0.9,50
0.3,4,4023.295290943301,180.4418506517741,0.98,0.94,50
0.33,4,4031.2474122663393,191.6012684343316,0.98,0.94,50
0.4,6,4054.1451043484344,222.8913645269358,0.78,0.88,50
