n_nodes,mean_latency,std_latency,sem_latency,ci_95_lower,ci_95_upper,success_rate,trials
5,657.8957610398353,28.51729768073175,4.032954914232165,649.7912347117357,666.0002873679349,1.0,50
10,2011.9131311059705,99.83617272650844,14.118966948525113,1983.5400047523683,2040.2862574595727,1.0,50
15,4088.1306427827244,223.2663140211642,31.57462493097807,4024.679058399787,4151.582227165662,1.0,50
20,6742.415364425638,325.3244060295585,46.007818717797306,6649.959191216021,6834.871537635254,1.0,50
25,10053.2087820352,499.7713673981757,70.67834458602469,9911.175330953838,10195.242233116564,1.0,50
30,13883.825441787567,698.2449726474613,98.74675101768705,13685.386416195457,14082.264467379677,1.0,50
